{
  "AUC": 0.9913944752475247,
  "EER": 0.0422,
  "F1": 0.9159600729848664,
  "Accuracy": 0.8962913907284769,
  "EER_Threshold": 6.9898114816169254e-06
}